,Unnamed: 0,location,pop_size,pop_infected,start_day,end_day,pop_type,cum_infections,cum_deaths,rand_seed,avg_age,beta,avg_contacts_h,avg_contacts_s,avg_contacts_w,avg_contacts_c,total_contacts_h,total_contacts_s,total_contacts_w,total_contacts_c,total_contacts,agents_in_h,agents_in_s,agents_in_c,agents_in_w,avg_rel_sus
3779,3779,ukraine,1000000,1000,2020-01-01,2020-12-31,hybrid,955107.0,8074.0,426630,41.74,0.03519,1.903,20.009,16.005,19.991,730492,1642141,4792782,9995266,17160681,730492,1642141,9995266,4792782,0.97985196
33,33,guatemala,1000000,1000,2020-01-01,2020-12-31,hybrid,958592.0,2430.0,208563,26.774,0.03687,3.891,20.007,15.998,20.003,1902121,3440190,3744535,10001489,19088335,1902121,3440190,10001489,3744535,0.80465466
2063,2063,armenia,1000000,1000,2020-01-01,2020-12-31,hybrid,930951.0,5764.0,456494,37.257,0.02598,2.763,19.997,16.001,20.002,1272489,2090270,4617135,10000772,17980666,1272489,2090270,10000772,4617135,0.92685425
4258,4258,timor-leste,1000000,1000,2020-01-01,2020-12-31,hybrid,934982.0,1783.0,254373,25.37,0.02845,4.327,19.996,15.995,19.999,2133041,3715955,3449988,9999270,19298254,2133041,3715955,9999270,3449988,0.7791307
2627,2627,korea,1000000,1000,2020-01-01,2020-12-31,hybrid,965350.0,7518.0,680708,42.886,0.03607,1.953,19.991,16.002,19.999,765334,1511493,5054748,9999304,17330879,765334,1511493,9999304,5054748,0.99637055
1936,1936,nepal,1000000,1000,2020-01-01,2020-12-31,hybrid,956709.0,2387.0,97592,28.824,0.03526,3.362,19.993,16.007,20.002,1615635,3257282,4006114,10000970,18880001,1615635,3257282,10000970,4006114,0.8357642
2213,2213,kenya,1000000,1000,2020-01-01,2020-12-31,hybrid,885561.0,1003.0,789174,24.052,0.02544,2.848,19.993,16.001,19.994,1321940,3773580,3514195,9997143,18606858,1321940,3773580,9997143,3514195,0.7630509
2304,2304,gambia,1000000,1000,2020-01-01,2020-12-31,hybrid,883903.0,999.0,843071,22.17,0.01692,7.243,19.993,16.001,19.999,3618989,3929412,3125383,9999690,20673474,3618989,3929412,9999690,3125383,0.72803426
3311,3311,maldives,1000000,1000,2020-01-01,2020-12-31,hybrid,970406.0,1956.0,844102,30.764,0.03109,4.451,19.999,16.002,20.008,2198418,2151851,5305728,10003924,19659921,2198418,2151851,10003924,5305728,0.89390194
1244,1244,portugal,1000000,1000,2020-01-01,2020-12-31,hybrid,956933.0,11785.0,137714,45.397,0.03285,2.049,20.005,15.997,19.995,828609,1534470,4531038,9997535,16891652,828609,1534470,9997535,4531038,1.021282
538,538,kyrgyzstan,1000000,1000,2020-01-01,2020-12-31,hybrid,849712.0,1965.0,31837,28.606,0.01866,3.354,19.994,15.996,19.998,1609632,2949079,4087070,9999113,18644894,1609632,2949079,9999113,4087070,0.8152199
2019,2019,niger,1000000,1000,2020-01-01,2020-12-31,hybrid,763132.0,869.0,732344,20.633,0.01496,4.953,20.002,15.989,20.001,2458559,4190192,2681747,10000344,19330842,2458559,4190192,10000344,2681747,0.6935016
1487,1487,iraq,1000000,1000,2020-01-01,2020-12-31,hybrid,970284.0,1474.0,774087,24.929,0.03335,6.706,20.012,16.006,20.004,3348738,3574267,3598653,10002137,20523795,3348738,3574267,10002137,3598653,0.77129763
756,756,comoros,1000000,1000,2020-01-01,2020-12-31,hybrid,945399.0,1373.0,635148,24.453,0.03255,4.435,19.989,16.002,19.998,2189400,3641372,3498129,9999015,19327916,2189400,3641372,9999015,3498129,0.76271904
2574,2574,indonesia,1000000,1000,2020-01-01,2020-12-31,hybrid,862146.0,2449.0,98348,31.786,0.01832,3.031,19.99,16.005,19.997,1429136,2707909,4444047,9998375,18579467,1429136,2707909,9998375,4444047,0.8608846
1057,1057,azerbaijan,1000000,1000,2020-01-01,2020-12-31,hybrid,949192.0,3169.0,16500,33.673,0.0285,3.65,19.996,16.003,19.993,1772830,2289499,4754825,9996617,18813771,1772830,2289499,9996617,4754825,0.8834944
2441,2441,samoa,1000000,1000,2020-01-01,2020-12-31,hybrid,855582.0,2009.0,771103,26.927,0.01545,5.764,19.985,16.008,19.998,2872938,3459639,3552264,9998970,19883811,2872938,3459639,9998970,3552264,0.785934
4393,4393,cuba,1000000,1000,2020-01-01,2020-12-31,hybrid,926468.0,7254.0,526523,41.244,0.02417,2.422,20.014,15.986,19.996,1067952,1774352,4782991,9998088,17623383,1067952,1774352,9998088,4782991,0.96990585
1684,1684,bangladesh,1000000,1000,2020-01-01,2020-12-31,hybrid,957712.0,2626.0,578497,30.197,0.03324,3.587,20.01,15.994,19.997,1737798,2925688,4353936,9998534,19015956,1737798,2925688,9998534,4353936,0.8501243
2578,2578,indonesia,1000000,1000,2020-01-01,2020-12-31,hybrid,762687.0,2149.0,874911,31.761,0.01338,3.034,19.996,16.003,20.002,1430556,2718139,4431245,10000923,18580863,1430556,2718139,10000923,4431245,0.86044735
373,373,serbia,1000000,1000,2020-01-01,2020-12-31,hybrid,754503.0,6193.0,626231,41.908,0.01315,2.22,20.006,15.998,19.997,940924,1789664,4595750,9998392,17324730,940924,1789664,9998392,4595750,0.98658663
1258,1258,portugal,1000000,1000,2020-01-01,2020-12-31,hybrid,953032.0,11568.0,357842,45.46,0.03128,2.046,19.99,15.998,20.0,827434,1530709,4531903,9999956,16890002,827434,1530709,9999956,4531903,1.022014
2648,2648,chad,1000000,1000,2020-01-01,2020-12-31,hybrid,896611.0,993.0,209262,21.238,0.02403,4.822,19.991,16.016,19.999,2390954,4134183,2891004,9999356,19415497,2390954,4134183,9999356,2891004,0.7121564
2024,2024,niger,1000000,1000,2020-01-01,2020-12-31,hybrid,764803.0,899.0,10141,20.637,0.01505,4.945,19.998,16.005,20.002,2453679,4189098,2687200,10000827,19330804,2453679,4189098,10000827,2687200,0.6938833
3647,3647,réunion,1000000,1000,2020-01-01,2020-12-31,hybrid,929360.0,5768.0,217072,36.961,0.03011,2.036,19.995,16.01,19.998,820759,2407723,4311646,9998855,17538983,820759,2407723,9998855,4311646,0.9137159
1846,1846,morocco,1000000,1000,2020-01-01,2020-12-31,hybrid,944250.0,3093.0,408169,32.048,0.02616,4.3,20.013,15.993,19.988,2119245,2701902,4313185,9994099,19128431,2119245,2701902,9994099,4313185,0.863691
530,530,kyrgyzstan,1000000,1000,2020-01-01,2020-12-31,hybrid,757803.0,1825.0,259144,28.553,0.01396,3.353,19.99,15.99,19.996,1609122,2969257,4077246,9997936,18653561,1609122,2969257,9997936,4077246,0.81457883
2594,2594,uruguay,1000000,1000,2020-01-01,2020-12-31,hybrid,925920.0,7448.0,139063,38.07,0.02783,2.146,20.018,16.0,19.999,891755,2218502,4335840,9999514,17445611,891755,2218502,9999514,4335840,0.9380052
2361,2361,congo,1000000,1000,2020-01-01,2020-12-31,hybrid,836121.0,1142.0,193078,23.888,0.01971,3.43,20.007,16.004,20.0,1652250,3749214,3368209,10000008,18769681,1652250,3749214,10000008,3368209,0.74823123
2164,2164,vietnam,1000000,1000,2020-01-01,2020-12-31,hybrid,797400.0,3277.0,663729,34.014,0.01422,2.966,19.998,15.997,20.005,1391314,2348019,4668437,10002743,18410513,1391314,2348019,10002743,4668437,0.88975227
2500,2500,burundi,1000000,1000,2020-01-01,2020-12-31,hybrid,888288.0,957.0,979998,21.744,0.02531,3.905,19.993,16.001,19.997,1909926,3944341,3069078,9998435,18921780,1909926,3944341,9998435,3069078,0.72133
1590,1590,venezuela,1000000,1000,2020-01-01,2020-12-31,hybrid,864235.0,3297.0,653000,32.306,0.01765,3.457,19.999,16.001,20.003,1667164,2817563,4203259,10001467,18689453,1667164,2817563,10001467,4203259,0.862672
23,23,mongolia,1000000,1000,2020-01-01,2020-12-31,hybrid,857685.0,1893.0,688577,29.39,0.01854,3.444,20.008,16.004,19.993,1660271,2737700,4336483,9996483,18730937,1660271,2737700,9996483,4336483,0.82393104
2754,2754,bulgaria,1000000,1000,2020-01-01,2020-12-31,hybrid,956409.0,9394.0,75445,44.119,0.03549,1.812,19.997,16.003,19.997,668255,1556722,4583226,9998689,16806892,668255,1556722,9998689,4583226,1.0077784
416,416,liberia,1000000,1000,2020-01-01,2020-12-31,hybrid,954301.0,1463.0,49345,24.147,0.03865,4.026,19.992,15.995,20.009,1974092,3771846,3353192,10004579,19103709,1974092,3771846,10004579,3353192,0.7557593
2939,2939,czechia,1000000,1000,2020-01-01,2020-12-31,hybrid,789211.0,6685.0,198008,42.859,0.01538,1.855,20.002,15.998,19.999,697063,1617401,4615666,9999404,16929534,697063,1617401,9999404,4615666,0.99240613
2407,2407,latvia,1000000,1000,2020-01-01,2020-12-31,hybrid,957192.0,10227.0,61940,43.393,0.03641,1.992,19.992,15.998,19.998,790595,1642212,4475366,9999237,16907410,790595,1642212,9999237,4475366,0.99323374
3318,3318,maldives,1000000,1000,2020-01-01,2020-12-31,hybrid,975004.0,1959.0,103761,30.766,0.03372,4.453,20.003,15.993,20.004,2199454,2157793,5298634,10001935,19657816,2199454,2157793,10001935,5298634,0.8943399
907,907,peru,1000000,1000,2020-01-01,2020-12-31,hybrid,922697.0,3848.0,72603,33.216,0.02514,2.952,20.003,15.993,20.001,1381989,2541998,4450962,10000632,18375581,1381989,2541998,10000632,4450962,0.882385
3831,3831,singapore,1000000,1000,2020-01-01,2020-12-31,hybrid,965578.0,5719.0,655448,41.618,0.03206,2.55,20.03,15.998,20.005,1146482,1478225,5289015,10002579,17916301,1146482,1478225,10002579,5289015,0.9844313
1840,1840,morocco,1000000,1000,2020-01-01,2020-12-31,hybrid,935294.0,3179.0,946262,32.012,0.02412,4.307,20.001,16.001,20.001,2122067,2710870,4301328,10000667,19134932,2122067,2710870,10000667,4301328,0.8630361
2788,2788,italy,1000000,1000,2020-01-01,2020-12-31,hybrid,957675.0,12698.0,577301,46.058,0.03438,1.855,20.002,15.998,19.999,698659,1483343,4529489,9999476,16710967,698659,1483343,9999476,4529489,1.025454
478,478,japan,1000000,1000,2020-01-01,2020-12-31,hybrid,748598.0,10826.0,789480,47.725,0.01396,1.807,19.999,15.993,20.0,664961,1404986,4247967,9999788,16317702,664961,1404986,9999788,4247967,1.0498589
3329,3329,maldives,1000000,1000,2020-01-01,2020-12-31,hybrid,972206.0,2012.0,436641,30.749,0.03208,4.449,20.015,16.007,19.99,2197291,2158952,5302284,9995186,19653713,2197291,2158952,9995186,5302284,0.8936667
1094,1094,israel,1000000,1000,2020-01-01,2020-12-31,hybrid,939810.0,5800.0,545074,33.858,0.03501,2.42,19.995,15.999,20.01,1067410,2664320,3944047,10004762,17680539,1067410,2664320,10004762,3944047,0.87785614
1210,1210,mayotte,1000000,1000,2020-01-01,2020-12-31,hybrid,943350.0,2034.0,828786,25.247,0.03699,3.247,19.992,15.999,19.998,1550725,3732066,3407382,9998877,18689050,1550725,3732066,9998877,3407382,0.77005434
296,296,oman,1000000,1000,2020-01-01,2020-12-31,hybrid,985804.0,1356.0,610444,29.944,0.0356,7.027,20.001,16.004,20.008,3510306,2120949,5294121,10003804,20929180,3510306,2120949,10003804,5294121,0.8714898
3158,3158,haiti,1000000,1000,2020-01-01,2020-12-31,hybrid,836623.0,1978.0,381554,27.65,0.01725,3.425,19.996,15.989,19.998,1649233,3292256,3873508,9998783,18813780,1649233,3292256,9998783,3873508,0.8132867
3409,3409,united kingdom,1000000,1000,2020-01-01,2020-12-31,hybrid,798644.0,7434.0,399330,41.36,0.01661,1.766,19.993,15.996,20.008,633927,1845591,4426339,10004171,16910028,633927,1845591,10004171,4426339,0.97474855
1777,1777,malaysia,1000000,1000,2020-01-01,2020-12-31,hybrid,954992.0,3041.0,993414,32.36,0.03021,3.67,19.992,16.007,20.0,1782372,2569675,4567014,9999839,18918900,1782372,2569675,9999839,4567014,0.87919205
1583,1583,nicaragua,1000000,1000,2020-01-01,2020-12-31,hybrid,949664.0,2660.0,870222,29.34,0.03025,3.999,20.01,16.001,20.001,1960005,3019941,4144042,10000276,19124264,1960005,3019941,10000276,4144042,0.83602935
3659,3659,réunion,1000000,1000,2020-01-01,2020-12-31,hybrid,899102.0,5627.0,322916,36.981,0.02461,2.04,20.004,16.011,19.995,822627,2405109,4307123,9997472,17532331,822627,2405109,9997472,4307123,0.913706
3390,3390,united kingdom,1000000,1000,2020-01-01,2020-12-31,hybrid,774772.0,7079.0,980311,41.378,0.01557,1.762,20.009,15.996,20.0,632492,1847086,4435280,10000108,16914966,632492,1847086,10000108,4435280,0.97500294
1113,1113,estonia,1000000,1000,2020-01-01,2020-12-31,hybrid,955378.0,10411.0,201239,42.833,0.03709,1.786,20.009,16.001,19.995,648989,1690966,4489288,9997269,16826512,648989,1690966,9997269,4489288,0.9909088
3174,3174,haiti,1000000,1000,2020-01-01,2020-12-31,hybrid,727824.0,1748.0,151633,27.613,0.01274,3.42,19.996,15.999,19.995,1646418,3295981,3870550,9997376,18810325,1646418,3295981,9997376,3870550,0.81298757
1550,1550,belarus,1000000,1000,2020-01-01,2020-12-31,hybrid,954724.0,7494.0,962744,40.771,0.03663,1.914,20.018,16.001,19.996,738970,1699425,4777967,9997801,17214163,738970,1699425,9997801,4777967,0.96348673
691,691,papua new guinea,1000000,1000,2020-01-01,2020-12-31,hybrid,952328.0,1459.0,243438,26.259,0.03235,4.486,19.997,15.999,20.002,2216597,3456369,3767986,10000859,19441811,2216597,3456369,10000859,3767986,0.78916097
291,291,oman,1000000,1000,2020-01-01,2020-12-31,hybrid,983464.0,1393.0,711235,29.97,0.03312,7.03,20.011,15.999,20.001,3512048,2120308,5290227,10000538,20923121,3512048,2120308,10000538,5290227,0.8713898
4265,4265,thailand,1000000,1000,2020-01-01,2020-12-31,hybrid,962065.0,5962.0,173161,39.614,0.03151,2.89,19.99,15.997,19.999,1347835,1919326,4848994,9999394,18115549,1347835,1919326,9999394,4848994,0.95465726
3438,3438,martinique,1000000,1000,2020-01-01,2020-12-31,hybrid,920427.0,10432.0,32834,44.246,0.0266,1.748,19.989,15.993,20.002,622719,1862198,4274135,10000794,16759846,622719,1862198,10000794,4274135,1.0004649
3111,3111,yemen,1000000,1000,2020-01-01,2020-12-31,hybrid,940413.0,1189.0,367944,23.829,0.02624,5.685,19.992,15.99,20.001,2832540,3728717,3470192,10000465,20031914,2832540,3728717,10000465,3470192,0.7623781
4494,4494,egypt,1000000,1000,2020-01-01,2020-12-31,hybrid,737381.0,1884.0,66205,27.999,0.01362,3.273,20.008,15.996,20.0,1565182,3099638,3893458,10000086,18558364,1565182,3099638,10000086,3893458,0.80691075
501,501,spain,1000000,1000,2020-01-01,2020-12-31,hybrid,964023.0,10883.0,46898,44.26,0.03642,2.077,19.985,16.0,19.994,847490,1572500,4661988,9997078,17079056,847490,1572500,9997078,4661988,1.003826
677,677,zambia,1000000,1000,2020-01-01,2020-12-31,hybrid,931588.0,984.0,553740,21.841,0.03198,4.192,19.993,16.003,19.995,2062353,4049309,3085603,9997465,19194730,2062353,4049309,9997465,3085603,0.72567993
2638,2638,korea,1000000,1000,2020-01-01,2020-12-31,hybrid,967193.0,7459.0,742639,42.873,0.03706,1.951,20.018,16.002,20.0,764622,1513126,5056393,10000131,17334272,764622,1513126,10000131,5056393,0.9958503
3757,3757,ukraine,1000000,1000,2020-01-01,2020-12-31,hybrid,958490.0,7857.0,118123,41.711,0.03661,1.9,20.0,15.998,19.997,729229,1647265,4799710,9998392,17174596,729229,1647265,9998392,4799710,0.9798865
354,354,guadeloupe,1000000,1000,2020-01-01,2020-12-31,hybrid,922763.0,9187.0,281558,41.826,0.02805,1.783,20.012,15.999,20.001,647421,2146172,4162818,10000537,16956948,647421,2146172,10000537,4162818,0.9708758
4454,4454,norway,1000000,1000,2020-01-01,2020-12-31,hybrid,951798.0,8035.0,152747,40.713,0.03651,1.727,19.992,15.998,20.007,607102,1910475,4496984,10003343,17017904,607102,1910475,10003343,4496984,0.9705114
3197,3197,mexico,1000000,1000,2020-01-01,2020-12-31,hybrid,801804.0,2892.0,342515,32.051,0.01506,2.932,20.001,15.998,20.002,1370780,2764059,4322152,10001196,18458187,1370780,2764059,10001196,4322152,0.86740696
718,718,papua new guinea,1000000,1000,2020-01-01,2020-12-31,hybrid,964721.0,1377.0,758302,26.237,0.03831,4.478,20.008,15.999,20.002,2212376,3459357,3763472,10000825,19436030,2212376,3459357,10000825,3763472,0.788951
1074,1074,azerbaijan,1000000,1000,2020-01-01,2020-12-31,hybrid,952646.0,3227.0,273771,33.64,0.02993,3.649,20.012,16.003,19.995,1771897,2301945,4745678,9997369,18816889,1771897,2301945,9997369,4745678,0.88326913
3873,3873,montenegro,1000000,1000,2020-01-01,2020-12-31,hybrid,955648.0,6915.0,928525,39.636,0.03272,2.488,20.006,16.0,19.993,1108112,1987787,4560829,9996511,17653239,1108112,1987787,9996511,4560829,0.95650303
2561,2561,indonesia,1000000,1000,2020-01-01,2020-12-31,hybrid,802799.0,2239.0,181214,31.781,0.01497,3.031,19.989,16.004,19.999,1428341,2705796,4444205,9999323,18577665,1428341,2705796,9999323,4444205,0.8608905
794,794,chile,1000000,1000,2020-01-01,2020-12-31,hybrid,959108.0,5823.0,612381,37.29,0.03326,2.787,19.975,15.994,19.998,1286921,2125403,4671784,9999116,18083224,1286921,2125403,9999116,4671784,0.9337497
3338,3338,sudan,1000000,1000,2020-01-01,2020-12-31,hybrid,949416.0,1565.0,598772,24.342,0.03326,4.636,19.993,16.009,19.999,2294079,3766273,3349688,9999349,19409389,2294079,3766273,9999349,3349688,0.7597404
2509,2509,burundi,1000000,1000,2020-01-01,2020-12-31,hybrid,890144.0,1001.0,543555,21.813,0.02542,3.919,20.008,15.991,20.003,1916892,3934621,3078887,10001329,18931729,1916892,3934621,10001329,3078887,0.72245413
3503,3503,malta,1000000,1000,2020-01-01,2020-12-31,hybrid,932638.0,9054.0,36841,43.417,0.02625,2.199,19.998,16.005,20.001,928066,1563765,4549645,10000477,17041953,928066,1563765,10000477,4549645,1.0073893
1025,1025,afghanistan,1000000,1000,2020-01-01,2020-12-31,hybrid,902862.0,1101.0,255359,22.781,0.01807,7.039,19.993,16.005,20.0,3516628,4033106,3186753,9999759,20736246,3516628,4033106,9999759,3186753,0.7426123
4213,4213,luxembourg,1000000,1000,2020-01-01,2020-12-31,hybrid,959913.0,7317.0,304595,40.361,0.03755,1.866,19.995,16.003,19.996,705215,1743911,4895297,9998193,17342616,705215,1743911,9998193,4895297,0.9666231
4615,4615,ecuador,1000000,1000,2020-01-01,2020-12-31,hybrid,949570.0,3633.0,194646,31.227,0.03393,2.957,20.005,16.001,19.999,1386964,2854807,4200631,9999547,18441949,1386964,2854807,9999547,4200631,0.8571142
4403,4403,cuba,1000000,1000,2020-01-01,2020-12-31,hybrid,940645.0,7362.0,336664,41.252,0.02705,2.423,20.002,16.001,20.0,1069294,1775149,4784598,10000076,17629117,1069294,1775149,10000076,4784598,0.9701593
1056,1056,azerbaijan,1000000,1000,2020-01-01,2020-12-31,hybrid,943637.0,3139.0,171849,33.629,0.02703,3.648,19.999,16.002,19.999,1771794,2300059,4748876,9999440,18820169,1771794,2300059,9999440,4748876,0.88316387
4566,4566,suriname,1000000,1000,2020-01-01,2020-12-31,hybrid,934691.0,3085.0,510117,31.884,0.02804,3.111,20.003,16.013,20.005,1473808,2785651,4306467,10002566,18568492,1473808,2785651,10002566,4306467,0.8609547
4221,4221,luxembourg,1000000,1000,2020-01-01,2020-12-31,hybrid,943754.0,7165.0,731078,40.424,0.03084,1.87,20.0,15.994,20.005,707644,1738504,4903593,10002288,17352029,707644,1738504,10002288,4903593,0.96741414
4321,4321,republic of korea,1000000,1000,2020-01-01,2020-12-31,hybrid,877085.0,6682.0,321167,42.89,0.01899,1.953,19.994,16.0,20.0,764721,1510290,5054985,9999926,17329922,764721,1510290,9999926,5054985,0.9959199
2758,2758,bulgaria,1000000,1000,2020-01-01,2020-12-31,hybrid,951351.0,9431.0,700407,44.13,0.0335,1.813,19.989,15.998,19.995,668485,1559826,4577386,9997443,16803140,668485,1559826,9997443,4577386,1.0076728
1552,1552,belarus,1000000,1000,2020-01-01,2020-12-31,hybrid,944726.0,7213.0,320772,40.785,0.03288,1.915,19.999,15.993,20.002,739238,1692627,4779761,10000973,17212599,739238,1692627,10000973,4779761,0.96371996
3570,3570,russia,1000000,1000,2020-01-01,2020-12-31,hybrid,866668.0,6556.0,378368,40.257,0.02009,1.991,20.001,16.001,20.005,791599,1778393,4679145,10002533,17251670,791599,1778393,10002533,4679145,0.9570853
949,949,ethiopia,1000000,1000,2020-01-01,2020-12-31,hybrid,938736.0,1518.0,102314,23.787,0.03428,3.715,19.999,15.993,20.0,1807620,3825560,3305956,9999783,18938919,1807620,3825560,9999783,3305956,0.7570949
4126,4126,slovakia,1000000,1000,2020-01-01,2020-12-31,hybrid,955438.0,7074.0,660770,41.394,0.03326,2.156,19.997,15.996,20.009,900110,1655439,4821162,10004747,17381458,900110,1655439,10004747,4821162,0.97867185
69,69,cyprus,1000000,1000,2020-01-01,2020-12-31,hybrid,820987.0,5493.0,671936,38.997,0.01616,2.12,19.991,15.999,19.995,875670,1926650,4744225,9997409,17543954,875670,1926650,9997409,4744225,0.9589252
3560,3560,russian federation,1000000,1000,2020-01-01,2020-12-31,hybrid,953712.0,7578.0,915623,40.273,0.03647,1.993,19.985,16.004,19.998,792590,1763909,4686956,9999153,17242608,792590,1763909,9999153,4686956,0.9572756
2022,2022,niger,1000000,1000,2020-01-01,2020-12-31,hybrid,836300.0,925.0,114001,20.658,0.01882,4.96,20.011,15.987,20.003,2462073,4191343,2687443,10001692,19342551,2462073,4191343,10001692,2687443,0.6943676
3128,3128,slovenia,1000000,1000,2020-01-01,2020-12-31,hybrid,602850.0,5743.0,277664,43.983,0.01064,1.908,19.993,16.0,19.993,733110,1547205,4603086,9996432,16879833,733110,1547205,9996432,4603086,1.000742
3161,3161,haiti,1000000,1000,2020-01-01,2020-12-31,hybrid,851830.0,2024.0,85463,27.625,0.01834,3.426,19.988,16.005,20.0,1650382,3298819,3873539,10000170,18822910,1650382,3298819,10000170,3873539,0.81299067
4366,4366,botswana,1000000,1000,2020-01-01,2020-12-31,hybrid,934012.0,1772.0,800216,27.203,0.03415,2.742,20.001,16.006,19.993,1261080,3263908,3902385,9996712,18424085,1261080,3263908,9996712,3902385,0.80537456
889,889,south korea,1000000,1000,2020-01-01,2020-12-31,hybrid,951727.0,7411.0,813761,42.831,0.03056,1.95,19.98,15.992,20.002,763546,1514969,5046037,10001083,17325635,763546,1514969,10001083,5046037,0.9954443
4069,4069,colombia,1000000,1000,2020-01-01,2020-12-31,hybrid,957498.0,4059.0,776221,33.953,0.03462,2.741,20.002,15.995,19.998,1260346,2525335,4524089,9999176,18308946,1260346,2525335,9999176,4524089,0.8959397
4300,4300,myanmar,1000000,1000,2020-01-01,2020-12-31,hybrid,966025.0,2475.0,709214,31.506,0.03787,3.356,20.001,16.0,19.995,1611464,2831228,4408944,9997287,18848923,1611464,2831228,9997287,4408944,0.8620451
4547,4547,palestine,1000000,1000,2020-01-01,2020-12-31,hybrid,791934.0,1328.0,743464,24.52,0.01432,4.53,20.004,16.0,19.999,2239284,3624735,3542627,9999705,19406351,2239284,3624735,9999705,3542627,0.7683
26,26,mongolia,1000000,1000,2020-01-01,2020-12-31,hybrid,670303.0,1487.0,441983,29.391,0.0112,3.446,19.979,15.997,19.999,1661052,2734109,4334274,9999719,18729154,1661052,2734109,9999719,4334274,0.823966
1407,1407,croatia,1000000,1000,2020-01-01,2020-12-31,hybrid,950140.0,10208.0,128602,43.97,0.03062,2.15,20.011,16.002,19.998,896984,1603672,4556032,9999084,17055772,896984,1603672,9999084,4556032,1.0055759
230,230,aruba,1000000,1000,2020-01-01,2020-12-31,hybrid,938905.0,5886.0,409360,40.031,0.02814,2.225,20.001,16.008,19.989,944740,2033986,4612324,9994640,17585690,944740,2033986,9994640,4612324,0.9570046
2177,2177,vietnam,1000000,1000,2020-01-01,2020-12-31,hybrid,808949.0,3274.0,628315,33.986,0.01473,2.966,19.991,15.995,20.005,1391404,2350793,4669283,10002727,18414207,1391404,2350793,10002727,4669283,0.88946533
879,879,south korea,1000000,1000,2020-01-01,2020-12-31,hybrid,957364.0,7250.0,974048,42.849,0.03232,1.951,19.997,15.993,19.996,764573,1515177,5050680,9997787,17328217,764573,1515177,9997787,5050680,0.9955217
199,199,honduras,1000000,1000,2020-01-01,2020-12-31,hybrid,846484.0,2214.0,308484,27.949,0.017,3.587,20.008,16.0,20.001,1737679,3283007,3988830,10000570,19010086,1737679,3283007,10000570,3988830,0.82257974
3225,3225,trinidad and tobago,1000000,1000,2020-01-01,2020-12-31,hybrid,965066.0,4872.0,667268,37.084,0.03831,2.55,20.006,16.002,20.012,1146169,2113482,4705980,10005934,17971565,1146169,2113482,10005934,4705980,0.9268102
4294,4294,myanmar,1000000,1000,2020-01-01,2020-12-31,hybrid,960605.0,2540.0,80559,31.522,0.03475,3.351,19.994,15.998,20.004,1608826,2821601,4411031,10001773,18843231,1608826,2821601,10001773,4411031,0.8618834
3235,3235,trinidad and tobago,1000000,1000,2020-01-01,2020-12-31,hybrid,958152.0,4759.0,676638,37.068,0.03466,2.545,20.004,16.002,19.999,1144521,2115966,4707939,9999550,17967976,1144521,2115966,9999550,4707939,0.9265416
4644,4644,south africa,1000000,1000,2020-01-01,2020-12-31,hybrid,748010.0,1777.0,486524,29.77,0.01416,2.605,19.994,15.999,20.002,1180415,2875082,4292859,10000887,18349243,1180415,2875082,10000887,4292859,0.841342
1281,1281,albania,1000000,1000,2020-01-01,2020-12-31,hybrid,955038.0,6379.0,202446,38.952,0.03182,2.559,19.998,15.999,20.003,1150914,2048732,4566499,10001557,17767702,1150914,2048732,10001557,4566499,0.95539653
4469,4469,norway,1000000,1000,2020-01-01,2020-12-31,hybrid,945041.0,8109.0,755165,40.747,0.03402,1.729,20.005,15.998,19.999,607927,1897531,4499820,9999385,17004663,607927,1897531,9999385,4499820,0.97090805
3279,3279,poland,1000000,1000,2020-01-01,2020-12-31,hybrid,921133.0,8232.0,960912,42.46,0.02429,2.162,20.012,16.0,19.993,903841,1614820,4702023,9996696,17217380,903841,1614820,9996696,4702023,0.9926027
468,468,japan,1000000,1000,2020-01-01,2020-12-31,hybrid,719564.0,10465.0,143892,47.713,0.01319,1.805,20.005,15.993,20.003,663500,1405945,4242838,10001606,16313889,663500,1405945,10001606,4242838,1.0497193
2715,2715,uzbekistan,1000000,1000,2020-01-01,2020-12-31,hybrid,842500.0,2008.0,787784,29.804,0.01509,4.297,19.991,16.001,20.001,2117355,2794234,4369466,10000605,19281660,2117355,2794234,10000605,4369466,0.8392859
2527,2527,usa,1000000,1000,2020-01-01,2020-12-31,hybrid,948372.0,7887.0,340089,39.829,0.03425,1.924,20.008,16.005,19.995,745536,2031909,4434537,9997677,17209659,745536,2031909,9997677,4434537,0.9598535
3880,3880,montenegro,1000000,1000,2020-01-01,2020-12-31,hybrid,960203.0,6970.0,520361,39.647,0.0347,2.485,19.982,15.996,20.001,1106626,1989822,4566567,10000731,17663746,1106626,1989822,10000731,4566567,0.95690477
179,179,cambodia,1000000,1000,2020-01-01,2020-12-31,hybrid,861700.0,1758.0,282669,28.233,0.01797,3.706,20.001,15.999,20.004,1803280,3076118,4115232,10001994,18996624,1803280,3076118,10001994,4115232,0.8236336
1721,1721,romania,1000000,1000,2020-01-01,2020-12-31,hybrid,870000.0,7945.0,950553,42.794,0.0185,2.216,19.989,16.007,20.002,938131,1686024,4628693,10000933,17253781,938131,1686024,10000933,4628693,0.99040645
4567,4567,suriname,1000000,1000,2020-01-01,2020-12-31,hybrid,925996.0,3227.0,692789,31.876,0.02616,3.094,20.006,16.003,19.995,1465035,2781959,4307505,9997721,18552220,1465035,2781959,9997721,4307505,0.86109275
2778,2778,italy,1000000,1000,2020-01-01,2020-12-31,hybrid,963861.0,12716.0,990137,46.127,0.03741,1.857,20.01,16.004,19.994,699709,1477714,4522461,9996808,16696692,699709,1477714,9996808,4522461,1.0263149
322,322,jamaica,1000000,1000,2020-01-01,2020-12-31,hybrid,924751.0,4155.0,635277,33.662,0.02765,2.363,19.994,16.003,19.993,1030978,2544674,4441582,9996431,18013665,1030978,2544674,9996431,4441582,0.89031875
2937,2937,czechia,1000000,1000,2020-01-01,2020-12-31,hybrid,767445.0,6589.0,838185,42.912,0.01464,1.852,20.007,16.01,20.004,697218,1612314,4616412,10002197,16928141,697218,1612314,10002197,4616412,0.9930961
1532,1532,belarus,1000000,1000,2020-01-01,2020-12-31,hybrid,950703.0,7400.0,77997,40.809,0.03489,1.923,19.985,16.001,19.999,743479,1692443,4776796,9999597,17212315,743479,1692443,9999597,4776796,0.9638965
2567,2567,indonesia,1000000,1000,2020-01-01,2020-12-31,hybrid,777288.0,2212.0,37119,31.817,0.01383,3.033,20.005,16.007,20.002,1428968,2705372,4443130,10000985,18578455,1428968,2705372,10000985,4443130,0.86113435
2559,2559,indonesia,1000000,1000,2020-01-01,2020-12-31,hybrid,855770.0,2408.0,359169,31.817,0.01775,3.034,19.998,15.996,19.997,1429534,2717662,4438060,9998608,18583864,1429534,2717662,9998608,4438060,0.8612226
3211,3211,trinidad and tobago,1000000,1000,2020-01-01,2020-12-31,hybrid,961607.0,4906.0,367534,37.083,0.03637,2.543,20.01,16.002,20.004,1143085,2116163,4713535,10001851,17974634,1143085,2116163,10001851,4713535,0.9269003
4001,4001,bolivia,1000000,1000,2020-01-01,2020-12-31,hybrid,930033.0,3609.0,347450,29.698,0.03061,2.749,19.996,15.997,20.005,1265118,3126253,3907724,10002686,18301781,1265118,3126253,10002686,3907724,0.8377471
3960,3960,jordan,1000000,1000,2020-01-01,2020-12-31,hybrid,936168.0,1797.0,280989,27.211,0.02839,3.816,20.001,16.008,19.996,1861565,3363364,3932743,9997762,19155434,1861565,3363364,9997762,3932743,0.8067261
859,859,namibia,1000000,1000,2020-01-01,2020-12-31,hybrid,932187.0,1654.0,949626,25.346,0.03236,3.372,20.006,16.007,20.005,1619790,3477144,3669173,10002361,18768468,1619790,3477144,10002361,3669173,0.7797042
3563,3563,russian federation,1000000,1000,2020-01-01,2020-12-31,hybrid,952358.0,7429.0,757118,40.274,0.03592,1.994,20.003,16.0,20.001,792265,1768856,4684456,10000293,17245870,792265,1768856,10000293,4684456,0.95743805
1907,1907,finland,1000000,1000,2020-01-01,2020-12-31,hybrid,910596.0,9879.0,344578,43.487,0.02607,1.635,19.992,16.001,20.0,538284,1751312,4301852,9999816,16591264,538284,1751312,9999816,4301852,1.0030118
4643,4643,south africa,1000000,1000,2020-01-01,2020-12-31,hybrid,830072.0,1961.0,647177,29.746,0.01778,2.613,20.008,16.009,20.002,1183704,2873388,4296868,10000866,18354826,1183704,2873388,10000866,4296868,0.840985
3026,3026,seychelles,1000000,1000,2020-01-01,2020-12-31,hybrid,811569.0,3255.0,759325,34.712,0.01495,2.963,19.997,15.99,20.008,1389093,2333196,4638524,10004017,18364830,1389093,2333196,10004017,4638524,0.8886203
2465,2465,senegal,1000000,1000,2020-01-01,2020-12-31,hybrid,912002.0,1328.0,643206,23.18,0.01854,7.674,19.996,15.998,20.005,3835495,3847587,3216957,10002648,20902687,3835495,3847587,10002648,3216957,0.74169064
4522,4522,tanzania,1000000,1000,2020-01-01,2020-12-31,hybrid,702213.0,892.0,748960,22.7,0.01306,3.928,20.004,15.989,20.005,1921773,3917187,3159761,10002370,19001091,1921773,3917187,10002370,3159761,0.7333348
969,969,republic of moldova,1000000,1000,2020-01-01,2020-12-31,hybrid,966855.0,5226.0,737127,38.982,0.03806,2.227,20.0,16.009,20.007,944561,1749688,5071271,10003744,17769264,944561,1749688,10003744,5071271,0.95694673
598,598,costa rica,1000000,1000,2020-01-01,2020-12-31,hybrid,956304.0,4725.0,793968,35.58,0.03373,2.697,19.989,16.0,19.996,1232900,2283265,4630120,9998097,18144382,1232900,2283265,9998097,4630120,0.9136671
4078,4078,colombia,1000000,1000,2020-01-01,2020-12-31,hybrid,951912.0,4085.0,805103,33.913,0.03244,2.743,20.004,15.986,20.003,1261021,2533798,4516715,10001251,18312785,1261021,2533798,10001251,4516715,0.89554656
977,977,republic of moldova,1000000,1000,2020-01-01,2020-12-31,hybrid,964022.0,5037.0,326828,38.988,0.03656,2.22,19.994,16.004,19.995,942499,1744904,5078674,9997664,17763741,942499,1744904,9997664,5078674,0.95698833
12,12,mongolia,1000000,1000,2020-01-01,2020-12-31,hybrid,828015.0,1789.0,789707,29.387,0.01652,3.437,20.004,15.997,20.004,1656266,2735237,4342383,10001820,18735706,1656266,2735237,10001820,4342383,0.82400626
4596,4596,ecuador,1000000,1000,2020-01-01,2020-12-31,hybrid,941735.0,3668.0,186241,31.206,0.03139,2.958,19.999,16.003,20.0,1387198,2849871,4195102,10000130,18432301,1387198,2849871,10000130,4195102,0.85689086
297,297,oman,1000000,1000,2020-01-01,2020-12-31,hybrid,983447.0,1427.0,696587,29.956,0.03337,7.012,19.997,16.0,20.004,3502996,2116982,5293393,10001834,20915205,3502996,2116982,10001834,5293393,0.8713563
1893,1893,finland,1000000,1000,2020-01-01,2020-12-31,hybrid,910339.0,9608.0,750643,43.443,0.02608,1.628,20.01,15.997,19.999,535441,1748940,4306714,9999532,16590627,535441,1748940,9999532,4306714,1.0024396
4392,4392,cuba,1000000,1000,2020-01-01,2020-12-31,hybrid,939032.0,7314.0,991777,41.278,0.02658,2.419,19.982,16.003,19.997,1066423,1771799,4787714,9998304,17624240,1066423,1771799,9998304,4787714,0.97036767
1822,1822,mozambique,1000000,1000,2020-01-01,2020-12-31,hybrid,694030.0,973.0,954496,22.306,0.01368,3.49,20.0,15.988,19.991,1684244,4013954,3055033,9995407,18748638,1684244,4013954,9995407,3055033,0.7293096
1983,1983,moldova,1000000,1000,2020-01-01,2020-12-31,hybrid,828340.0,4271.0,872895,39.003,0.01579,2.226,20.009,16.01,20.001,944879,1743365,5076690,10000271,17765205,944879,1743365,10000271,5076690,0.9571735
3159,3159,haiti,1000000,1000,2020-01-01,2020-12-31,hybrid,639577.0,1513.0,561061,27.656,0.01074,3.421,20.008,15.999,19.999,1647012,3290908,3883106,9999748,18820774,1647012,3290908,9999748,3883106,0.81353676
2389,2389,benin,1000000,1000,2020-01-01,2020-12-31,hybrid,931802.0,1385.0,200253,23.445,0.03096,4.238,20.001,16.004,20.0,2086399,3819731,3238665,9999899,19144694,2086399,3819731,9999899,3238665,0.74461037
3742,3742,cameroon,1000000,1000,2020-01-01,2020-12-31,hybrid,943636.0,1083.0,268350,23.041,0.03507,4.067,20.004,16.005,19.997,1996161,3857855,3266992,9998317,19119325,1996161,3857855,9998317,3266992,0.74239445
371,371,serbia,1000000,1000,2020-01-01,2020-12-31,hybrid,786410.0,6382.0,89953,41.831,0.01422,2.217,20.001,16.0,19.999,938379,1802197,4587100,9999559,17327235,938379,1802197,9999559,4587100,0.9857051
533,533,kyrgyzstan,1000000,1000,2020-01-01,2020-12-31,hybrid,813495.0,1875.0,78002,28.561,0.01637,3.35,20.01,15.989,20.005,1607713,2963865,4080828,10002355,18654761,1607713,2963865,10002355,4080828,0.8146482
8,8,mongolia,1000000,1000,2020-01-01,2020-12-31,hybrid,852408.0,1829.0,752852,29.422,0.01808,3.449,20.01,16.01,20.001,1662255,2725339,4353815,10000396,18741805,1662255,2725339,10000396,4353815,0.8245272
2218,2218,kenya,1000000,1000,2020-01-01,2020-12-31,hybrid,908934.0,1060.0,826501,24.036,0.0295,2.85,20.004,16.002,20.002,1323410,3768274,3516837,10001138,18609659,1323410,3768274,10001138,3516837,0.7629249
1813,1813,mozambique,1000000,1000,2020-01-01,2020-12-31,hybrid,668861.0,880.0,132989,22.255,0.01299,3.484,19.98,15.998,20.003,1681848,4008716,3050152,10001512,18742228,1681848,4008716,10001512,3050152,0.72854805
4201,4201,luxembourg,1000000,1000,2020-01-01,2020-12-31,hybrid,943632.0,7342.0,406639,40.359,0.03101,1.868,20.005,16.007,20.005,706390,1752088,4892837,10002287,17353602,706390,1752088,10002287,4892837,0.96653426
3702,3702,burkina faso,1000000,1000,2020-01-01,2020-12-31,hybrid,868718.0,940.0,384850,22.123,0.0199,4.951,19.992,15.995,19.997,2457414,3988986,3083762,9998254,19528416,2457414,3988986,9998254,3083762,0.72582746
1741,1741,france,1000000,1000,2020-01-01,2020-12-31,hybrid,950816.0,10667.0,368788,42.423,0.0365,1.734,19.992,15.994,19.992,612139,1888764,4256526,9995921,16753350,612139,1888764,9995921,4256526,0.98314345
812,812,el salvador,1000000,1000,2020-01-01,2020-12-31,hybrid,934391.0,4122.0,830963,31.632,0.02746,3.222,20.012,16.005,20.002,1535999,2874334,4138389,10001191,18549913,1535999,2874334,10001191,4138389,0.86665696
3605,3605,sao tome and principe,1000000,1000,2020-01-01,2020-12-31,hybrid,883575.0,1450.0,883378,23.758,0.02589,3.009,20.005,16.008,19.996,1416281,3911028,3238030,9998002,18563341,1416281,3911028,9998002,3238030,0.7469055
2622,2622,korea,1000000,1000,2020-01-01,2020-12-31,hybrid,959793.0,7460.0,911954,42.852,0.03377,1.95,19.992,15.999,20.002,763719,1512319,5051338,10000808,17328184,763719,1512319,10000808,5051338,0.9955086
505,505,spain,1000000,1000,2020-01-01,2020-12-31,hybrid,959198.0,10846.0,563878,44.289,0.03391,2.077,19.979,15.995,20.007,847662,1570385,4659962,10003265,17081274,847662,1570385,10003265,4659962,1.0041014
315,315,jamaica,1000000,1000,2020-01-01,2020-12-31,hybrid,926945.0,4273.0,377724,33.662,0.02831,2.359,20.013,15.999,19.998,1029395,2542254,4438521,9998795,18008965,1029395,2542254,9998795,4438521,0.89033085
100,100,panama,1000000,1000,2020-01-01,2020-12-31,hybrid,957222.0,4179.0,238803,32.553,0.03772,2.866,19.991,16.001,20.001,1334266,2710488,4254321,10000749,18299824,1334266,2710488,10000749,4254321,0.86915684
2609,2609,uruguay,1000000,1000,2020-01-01,2020-12-31,hybrid,930720.0,7714.0,775334,38.067,0.02894,2.141,19.989,15.991,20.002,890197,2213037,4329491,10001040,17433765,890197,2213037,10001040,4329491,0.9379552
4588,4588,suriname,1000000,1000,2020-01-01,2020-12-31,hybrid,929035.0,3214.0,408967,31.887,0.0267,3.104,19.993,15.999,19.997,1469683,2786901,4304374,9998516,18559474,1469683,2786901,9998516,4304374,0.86128473
1557,1557,belarus,1000000,1000,2020-01-01,2020-12-31,hybrid,958455.0,7393.0,153582,40.781,0.03862,1.916,20.0,15.991,20.002,739771,1705001,4774164,10001027,17219963,739771,1705001,10001027,4774164,0.9638869
4462,4462,norway,1000000,1000,2020-01-01,2020-12-31,hybrid,955940.0,8135.0,668512,40.693,0.03853,1.73,20.004,16.0,19.995,608526,1907231,4500017,9997674,17013448,608526,1907231,9997674,4500017,0.9701414
2236,2236,bahamas,1000000,1000,2020-01-01,2020-12-31,hybrid,956457.0,3395.0,923174,34.212,0.03377,2.639,19.975,16.002,20.006,1198508,2508694,4652580,10003205,18362987,1198508,2508694,10003205,4652580,0.89623237
3098,3098,yemen,1000000,1000,2020-01-01,2020-12-31,hybrid,942957.0,1253.0,232853,23.816,0.02686,5.69,19.997,15.997,19.999,2835198,3729520,3469822,9999645,20034185,2835198,3729520,9999645,3469822,0.7625051
800,800,chile,1000000,1000,2020-01-01,2020-12-31,hybrid,961320.0,5897.0,778173,37.219,0.03442,2.789,20.002,16.003,20.001,1288610,2130217,4674855,10000508,18094190,1288610,2130217,10000508,4674855,0.932805
3917,3917,madagascar,1000000,1000,2020-01-01,2020-12-31,hybrid,919706.0,1346.0,394817,23.943,0.02782,4.027,19.986,15.996,20.003,1974568,3760912,3372216,10001679,19109375,1974568,3760912,10001679,3372216,0.7551648
3947,3947,switzerland,1000000,1000,2020-01-01,2020-12-31,hybrid,948863.0,9481.0,2979,42.992,0.03407,1.726,19.998,15.996,19.999,605981,1612750,4646654,9999561,16864946,605981,1612750,9999561,4646654,0.99364734
3151,3151,haiti,1000000,1000,2020-01-01,2020-12-31,hybrid,767206.0,1882.0,800022,27.628,0.01401,3.425,19.994,16.004,20.001,1648628,3288302,3880233,10000480,18817643,1648628,3288302,10000480,3880233,0.8131263
4292,4292,myanmar,1000000,1000,2020-01-01,2020-12-31,hybrid,959974.0,2457.0,447474,31.525,0.03444,3.363,19.991,16.002,20.003,1615306,2815857,4412607,10001577,18845347,1615306,2815857,10001577,4412607,0.86224824
414,414,liberia,1000000,1000,2020-01-01,2020-12-31,hybrid,946368.0,1373.0,551338,24.076,0.0357,4.016,20.002,16.001,19.995,1969168,3781979,3344177,9997423,19092747,1969168,3781979,9997423,3344177,0.75480103
3883,3883,montenegro,1000000,1000,2020-01-01,2020-12-31,hybrid,952215.0,7035.0,689393,39.682,0.03152,2.486,19.989,16.0,19.998,1107819,1985648,4567398,9999130,17659995,1107819,1985648,9999130,4567398,0.95722884
157,157,cambodia,1000000,1000,2020-01-01,2020-12-31,hybrid,850807.0,1755.0,58288,28.232,0.01716,3.717,20.015,15.998,19.996,1808971,3075156,4118037,9997974,19000138,1808971,3075156,9997974,4118037,0.82363325
833,833,el salvador,1000000,1000,2020-01-01,2020-12-31,hybrid,957358.0,4133.0,686839,31.562,0.03547,3.213,20.003,15.992,20.0,1531311,2883495,4128060,10000231,18543097,1531311,2883495,10000231,4128060,0.8657698
693,693,papua new guinea,1000000,1000,2020-01-01,2020-12-31,hybrid,964295.0,1362.0,759,26.254,0.0378,4.482,20.005,15.999,19.994,2214422,3452589,3773727,9996842,19437580,2214422,3452589,9996842,3773727,0.7895113
584,584,costa rica,1000000,1000,2020-01-01,2020-12-31,hybrid,952956.0,4753.0,39489,35.579,0.03242,2.687,20.006,15.995,20.002,1227990,2284893,4627874,10000819,18141576,1227990,2284893,10000819,4627874,0.91362613
911,911,peru,1000000,1000,2020-01-01,2020-12-31,hybrid,937353.0,4021.0,167379,33.274,0.02828,2.94,20.019,15.997,19.997,1375607,2540552,4446988,9998744,18361891,1375607,2540552,9998744,4446988,0.88321084
2905,2905,paraguay,1000000,1000,2020-01-01,2020-12-31,hybrid,953429.0,3074.0,304445,29.745,0.03239,3.728,20.014,16.003,20.0,1814332,3024451,4085729,10000247,18924759,1814332,3024451,10000247,4085729,0.84390193
2570,2570,indonesia,1000000,1000,2020-01-01,2020-12-31,hybrid,837181.0,2378.0,838130,31.802,0.01653,3.036,20.001,15.997,20.0,1430248,2706836,4444232,9999977,18581293,1430248,2706836,9999977,4444232,0.86107934
2123,2123,pakistan,1000000,1000,2020-01-01,2020-12-31,hybrid,952429.0,1883.0,94099,26.538,0.02737,5.831,20.0,16.002,20.0,2906331,3391037,3749563,10000004,20046935,2906331,3391037,10000004,3749563,0.7950909
1971,1971,new zealand,1000000,1000,2020-01-01,2020-12-31,hybrid,782011.0,6193.0,791109,39.424,0.01525,2.057,19.981,16.009,19.999,835178,2083095,4376421,9999537,17294231,835178,2083095,9999537,4376421,0.95264167
1438,1438,guinea,1000000,1000,2020-01-01,2020-12-31,hybrid,829235.0,1107.0,54817,22.509,0.01601,5.271,20.003,15.983,19.998,2621977,3999498,3090865,9998893,19711233,2621977,3999498,9998893,3090865,0.7352772
1360,1360,belgium,1000000,1000,2020-01-01,2020-12-31,hybrid,799172.0,8037.0,435785,42.125,0.01626,1.831,20.004,15.998,20.0,680579,1826629,4423506,9999819,16930533,680579,1826629,9999819,4423506,0.9813192
534,534,kyrgyzstan,1000000,1000,2020-01-01,2020-12-31,hybrid,878841.0,2072.0,126886,28.573,0.02136,3.343,19.998,15.995,19.999,1604399,2954005,4080388,9999358,18638150,1604399,2954005,9999358,4080388,0.8147116
2860,2860,sierra leone,1000000,1000,2020-01-01,2020-12-31,hybrid,763498.0,1077.0,781199,23.696,0.01309,4.943,19.996,16.01,19.997,2452985,3799940,3366455,9998419,19617799,2452985,3799940,9998419,3366455,0.75356424
2525,2525,usa,1000000,1000,2020-01-01,2020-12-31,hybrid,939763.0,7679.0,281795,39.807,0.03131,1.921,20.026,15.996,20.004,744807,2035594,4431085,10001867,17213353,744807,2035594,10001867,4431085,0.959709
1964,1964,new zealand,1000000,1000,2020-01-01,2020-12-31,hybrid,865726.0,6947.0,14449,39.434,0.01989,2.056,19.995,15.995,20.0,834201,2079989,4374915,9999761,17288866,834201,2079989,9999761,4374915,0.9529349
4606,4606,ecuador,1000000,1000,2020-01-01,2020-12-31,hybrid,946018.0,3570.0,757877,31.157,0.03288,2.964,19.992,16.001,19.995,1389557,2854552,4189737,9997541,18431387,1389557,2854552,9997541,4189737,0.8562737
1589,1589,nicaragua,1000000,1000,2020-01-01,2020-12-31,hybrid,955770.0,2775.0,878260,29.331,0.03258,3.998,20.005,15.994,20.006,1959855,3020001,4146191,10003114,19129161,1959855,3020001,10003114,4146191,0.8357858
2471,2471,senegal,1000000,1000,2020-01-01,2020-12-31,hybrid,919403.0,1269.0,429175,23.183,0.01927,7.672,19.996,16.009,19.996,3833935,3844672,3219186,9997875,20895668,3833935,3844672,9997875,3219186,0.7416342
1378,1378,belgium,1000000,1000,2020-01-01,2020-12-31,hybrid,737096.0,7225.0,777260,42.165,0.01394,1.83,20.001,15.996,19.998,680702,1823746,4424867,9999054,16928369,680702,1823746,9999054,4424867,0.98171717
3758,3758,ukraine,1000000,1000,2020-01-01,2020-12-31,hybrid,952032.0,7894.0,17284,41.731,0.03394,1.898,19.984,16.004,19.996,727569,1643438,4790193,9997996,17159196,727569,1643438,9997996,4790193,0.9799646
1196,1196,guyana,1000000,1000,2020-01-01,2020-12-31,hybrid,947855.0,3259.0,357431,30.888,0.0338,2.967,20.002,16.006,20.003,1392201,2969458,4120420,10001720,18483799,1392201,2969458,10001720,4120420,0.85106504
1881,1881,kazakhstan,1000000,1000,2020-01-01,2020-12-31,hybrid,919961.0,3544.0,89326,32.3,0.02833,2.718,19.997,16.007,20.0,1246419,2553390,4299102,10000194,18099105,1246419,2553390,10000194,4299102,0.85587925
1055,1055,azerbaijan,1000000,1000,2020-01-01,2020-12-31,hybrid,937147.0,3062.0,294926,33.653,0.02525,3.651,20.015,15.996,20.001,1773258,2296028,4756753,10000425,18826464,1773258,2296028,10000425,4756753,0.88366675
555,555,india,1000000,1000,2020-01-01,2020-12-31,hybrid,957723.0,2797.0,336837,31.151,0.03238,3.672,19.997,15.996,20.003,1785051,2852398,4337300,10001638,18976387,1785051,2852398,10001638,4337300,0.8604418
1892,1892,finland,1000000,1000,2020-01-01,2020-12-31,hybrid,919888.0,9835.0,783245,43.458,0.02786,1.629,19.993,16.0,20.001,536723,1755395,4298828,10000609,16591555,536723,1755395,10000609,4298828,1.0028709
1665,1665,angola,1000000,1000,2020-01-01,2020-12-31,hybrid,923259.0,937.0,122503,21.531,0.03246,3.903,19.997,15.999,20.002,1908293,4050292,2971984,10000988,18931557,1908293,4050292,10000988,2971984,0.7137863
227,227,aruba,1000000,1000,2020-01-01,2020-12-31,hybrid,932353.0,5750.0,424774,40.031,0.02669,2.224,19.995,15.999,20.005,943854,2029094,4618658,10002417,17594023,943854,2029094,10002417,4618658,0.9570637
4325,4325,republic of korea,1000000,1000,2020-01-01,2020-12-31,hybrid,776567.0,5651.0,526269,42.858,0.0139,1.947,20.009,15.997,20.001,761902,1516019,5050554,10000466,17328941,761902,1516019,10000466,5050554,0.9955709
3372,3372,dominican republic,1000000,1000,2020-01-01,2020-12-31,hybrid,776123.0,2935.0,472301,31.346,0.01475,2.701,19.994,15.998,20.005,1236761,2866014,4182715,10002615,18288105,1236761,2866014,10002615,4182715,0.8574576
2442,2442,samoa,1000000,1000,2020-01-01,2020-12-31,hybrid,897355.0,2116.0,610583,26.963,0.0186,5.766,19.996,15.992,20.006,2873753,3465509,3548677,10002827,19890766,2873753,3465509,10002827,3548677,0.7869089
1784,1784,malaysia,1000000,1000,2020-01-01,2020-12-31,hybrid,957692.0,3061.0,213353,32.374,0.03126,3.662,19.992,16.012,20.001,1778880,2567238,4570197,10000674,18916989,1778880,2567238,10000674,4570197,0.87919176
350,350,guadeloupe,1000000,1000,2020-01-01,2020-12-31,hybrid,919907.0,9183.0,268028,41.859,0.02742,1.788,20.0,15.989,20.002,649569,2142838,4158910,10000933,16952250,649569,2142838,10000933,4158910,0.97142786
2281,2281,gambia,1000000,1000,2020-01-01,2020-12-31,hybrid,903840.0,1045.0,851121,22.163,0.01892,7.244,20.004,16.0,19.992,3619643,3920424,3127717,9996109,20663893,3619643,3920424,9996109,3127717,0.7282132
393,393,liberia,1000000,1000,2020-01-01,2020-12-31,hybrid,940056.0,1320.0,265233,24.123,0.03324,4.02,19.988,15.991,19.994,1971225,3769284,3345925,9997097,19083531,1971225,3769284,9997097,3345925,0.75553876
1044,1044,afghanistan,1000000,1000,2020-01-01,2020-12-31,hybrid,893324.0,1043.0,25150,22.77,0.01724,7.049,20.005,16.0,20.0,3521137,4023715,3186219,9999954,20731025,3521137,4023715,9999954,3186219,0.74252063
2238,2238,bahamas,1000000,1000,2020-01-01,2020-12-31,hybrid,959339.0,3427.0,404829,34.206,0.03508,2.633,19.999,15.995,20.006,1197173,2508110,4662254,10002914,18370451,1197173,2508110,10002914,4662254,0.89635646
1370,1370,belgium,1000000,1000,2020-01-01,2020-12-31,hybrid,795523.0,7877.0,878471,42.119,0.01609,1.832,19.994,16.0,20.0,681551,1824117,4426479,9999871,16932018,681551,1824117,9999871,4426479,0.98129857
135,135,malawi,1000000,1000,2020-01-01,2020-12-31,hybrid,935703.0,1112.0,398341,22.46,0.03526,3.61,19.996,16.0,20.004,1751133,4012713,3139429,10001823,18905098,1751133,4012713,10001823,3139429,0.73625875
3252,3252,state of palestine,1000000,1000,2020-01-01,2020-12-31,hybrid,919250.0,1363.0,392492,24.533,0.02522,4.527,20.008,16.019,20.001,2237997,3623008,3545937,10000549,19407491,2237997,3623008,10000549,3545937,0.7683897
1991,1991,moldova,1000000,1000,2020-01-01,2020-12-31,hybrid,827417.0,4262.0,878720,38.977,0.01581,2.22,20.013,16.015,19.999,941984,1748644,5074855,9999306,17764789,941984,1748644,9999306,5074855,0.95706964
4150,4150,mali,1000000,1000,2020-01-01,2020-12-31,hybrid,891864.0,976.0,545290,21.357,0.02332,4.845,20.001,16.004,19.998,2402814,4129836,2887357,9998782,19418789,2402814,4129836,9998782,2887357,0.7105564
1024,1024,afghanistan,1000000,1000,2020-01-01,2020-12-31,hybrid,856382.0,1088.0,120549,22.776,0.01466,7.037,20.009,16.003,20.004,3515498,4025589,3185553,10001933,20728573,3515498,4025589,10001933,3185553,0.74237835
2522,2522,usa,1000000,1000,2020-01-01,2020-12-31,hybrid,949725.0,7682.0,575920,39.783,0.03469,1.925,20.009,16.007,20.002,746497,2038341,4430524,10001139,17216501,746497,2038341,10001139,4430524,0.9590015
3089,3089,australia,1000000,1000,2020-01-01,2020-12-31,hybrid,925443.0,7581.0,243931,39.396,0.02835,1.966,19.995,16.004,20.003,774025,2013785,4437704,10001492,17227006,774025,2013785,10001492,4437704,0.9528842
29,29,mongolia,1000000,1000,2020-01-01,2020-12-31,hybrid,779956.0,1692.0,484720,29.405,0.01428,3.448,20.006,15.985,20.001,1661214,2727799,4344085,10000392,18733490,1661214,2727799,10000392,4344085,0.8243972
3799,3799,burkina,1000000,1000,2020-01-01,2020-12-31,hybrid,810266.0,922.0,381838,22.145,0.01589,4.943,19.995,16.015,19.997,2453677,3993736,3089004,9998672,19535089,2453677,3993736,9998672,3089004,0.7259644
2875,2875,sierra leone,1000000,1000,2020-01-01,2020-12-31,hybrid,870267.0,1112.0,377984,23.664,0.01874,4.931,20.009,16.0,19.999,2447411,3808085,3357776,9999375,19612647,2447411,3808085,9999375,3357776,0.75333124
3443,3443,martinique,1000000,1000,2020-01-01,2020-12-31,hybrid,908969.0,10208.0,841607,44.243,0.02477,1.748,19.997,16.006,20.0,622394,1865191,4271328,9999902,16758815,622394,1865191,9999902,4271328,1.0003755
4487,4487,egypt,1000000,1000,2020-01-01,2020-12-31,hybrid,818492.0,2005.0,569344,27.959,0.0172,3.265,20.003,15.989,20.005,1561427,3105706,3882068,10002349,18551550,1561427,3105706,10002349,3882068,0.80630445
1877,1877,kazakhstan,1000000,1000,2020-01-01,2020-12-31,hybrid,929009.0,3690.0,343212,32.302,0.03044,2.717,19.995,16.001,20.0,1247630,2548164,4304736,9999759,18100289,1247630,2548164,9999759,4304736,0.8561311
2964,2964,brazil,1000000,1000,2020-01-01,2020-12-31,hybrid,839803.0,3866.0,202778,35.152,0.01663,2.562,20.007,16.004,19.999,1153231,2336290,4670875,9999541,18159937,1153231,2336290,9999541,4670875,0.9086731
642,642,south sudan,1000000,1000,2020-01-01,2020-12-31,hybrid,930827.0,1397.0,587044,23.632,0.02749,4.979,19.988,15.992,20.003,2472247,3814460,3263242,10001630,19551579,2472247,3814460,10001630,3263242,0.7498385
1255,1255,portugal,1000000,1000,2020-01-01,2020-12-31,hybrid,953286.0,11694.0,283866,45.422,0.03144,2.049,19.983,16.004,20.001,828769,1536822,4529927,10000634,16896152,828769,1536822,10000634,4529927,1.0215069
3014,3014,seychelles,1000000,1000,2020-01-01,2020-12-31,hybrid,877813.0,3669.0,234189,34.784,0.01906,2.97,19.981,15.987,20.006,1393115,2324968,4631439,10002777,18352299,1393115,2324968,10002777,4631439,0.8893777
1108,1108,israel,1000000,1000,2020-01-01,2020-12-31,hybrid,944518.0,5830.0,609524,33.869,0.03664,2.43,20.005,15.993,20.003,1072649,2667266,3951072,10001572,17692559,1072649,2667266,10001572,3951072,0.87808883
1041,1041,afghanistan,1000000,1000,2020-01-01,2020-12-31,hybrid,884344.0,1063.0,917415,22.783,0.01646,7.04,20.0,16.0,19.996,3516822,4021557,3189576,9997823,20725778,3516822,4021557,9997823,3189576,0.7426259
3188,3188,mexico,1000000,1000,2020-01-01,2020-12-31,hybrid,847102.0,3308.0,987900,32.074,0.01731,2.93,20.015,15.998,19.993,1370326,2758748,4320277,9996282,18445633,1370326,2758748,9996282,4320277,0.8678213
